index,name
0,ABL1_E255K
1,ABL1_E255V
2,ABL1_Y253H
3,ABL1_F359V
4,ABL1_F359C
5,ABL1_F359I
6,ABL1_I242T
7,ABL1_M244V
8,ABL1_K247R
9,ABL1_L248V
10,ABL1_G250E
11,ABL1_G250R
12,ABL1_Q252R
13,ABL1_Q252H
14,ABL1_Y253F
15,ABL1_M237V
16,ABL1_E258D
17,ABL1_W261L
18,ABL1_L273M
19,ABL1_E275K
20,ABL1_E275Q
21,ABL1_D276G
22,ABL1_T277A
23,ABL1_E279K
24,ABL1_V280A
25,ABL1_V289A
26,ABL1_V289I
27,ABL1_E292V
28,ABL1_E292Q
29,ABL1_I293V
30,ABL1_L298V
31,ABL1_V299L
32,ABL1_F311L
33,ABL1_F311I
34,ABL1_T315I
35,ABL1_F317L
36,ABL1_F317V
37,ABL1_F317I
38,ABL1_F317C
39,ABL1_Y320C
40,ABL1_L324Q
41,ABL1_Y342H
42,ABL1_M343T
43,ABL1_A344V
44,ABL1_A350V
45,ABL1_M351T
46,ABL1_E355D
47,ABL1_E355G
48,ABL1_E355A
49,ABL1_F359L
50,ABL1_D363Y
51,ABL1_L364I
52,ABL1_A365V
53,ABL1_A366G
54,ABL1_L370P
55,ABL1_V371A
56,ABL1_E373K
57,ABL1_V379I
58,ABL1_A380T
59,ABL1_F382L
60,ABL1_L384M
61,ABL1_L387M
62,ABL1_L387F
63,ABL1_L387V
64,ABL1_M388L
65,ABL1_Y393C
66,ABL1_H396P
67,ABL1_H396R
68,ABL1_H396A
69,ABL1_A397P
70,ABL1_S417F
71,ABL1_S417Y
72,ABL1_I418S
73,ABL1_I418V
74,ABL1_A433T
75,ABL1_S438C
76,ABL1_E450K
77,ABL1_E450G
78,ABL1_E450A
79,ABL1_E450V
80,ABL1_E453K
81,ABL1_E453G
82,ABL1_E453A
83,ABL1_E453V
84,ABL1_E459K
85,ABL1_E459G
86,ABL1_E459A
87,ABL1_E459V
88,ABL1_M472I
89,ABL1_P480L
90,ABL1_F486S
91,ABL1_E507G
92,ABL1_T315A
93,ABL1_F317S
94,ABL1_N336S
95,ABL1_E453Q
96,ABL1_D421G
97,ABL1_L364P
98,ABL1_Q300R
99,ABL1_L248R
100,ABL1_P480A
101,ABL1_G398R
102,ABL1_R332W
103,ABL1_G321L
104,AKT1_Q79K
105,AKT1_E17K
106,AKT3_E17K
107,ALK_C1156Y
108,ALK_L1196M
109,ALK_E1408V
110,ALK_F1174L
111,ALK_F856S
112,ALK_A348D
113,ALK_G1123S
114,ALK_I1171T
115,ALK_L1152R
116,ALK_G1202R
117,ALK_S1206Y
118,ALK_G1269A
119,ALK_L1198F
120,ALK_R1275Q
121,ALK_G1128A
122,ALK_I1171N
123,ALK_R1192P
124,ALK_F1245C
125,ALK_I1171S
126,ALK_V1180L
127,ALK_Y1278S
128,ALK_D1091N
129,ALK_F1245V
130,ALK_F1174V
131,ALK_C1156F
132,ALK_D1203N
133,ALK_E1210K
134,ALK_F1174C
135,ALK_L1152P
136,ALK_L1196Q
137,APC_N1026S
138,AR_F877L
139,AR_L702H
140,AR_T878A
141,ARAF_S214C
142,ARAF_S490T
143,ATM_N2875H
144,BRAF_D594G
145,BRAF_G466V
146,BRAF_K601R
147,BRAF_L597R
148,BRAF_V600R
149,BRAF_V600D
150,BRAF_V600K
151,BRAF_V600M
152,BRAF_V600G
153,BRAF_V600E
154,BRAF_Y472C
155,BRAF_G596R
156,BRAF_L597V
157,BRAF_L597Q
158,BRAF_L597S
159,BRAF_K601E
160,BRAF_G469A
161,BRAF_D594A
162,BRAF_N581S
163,BRAF_K483M
164,BRAF_G606E
165,BRAF_D594V
166,BRAF_G464V
167,BRAF_G596C
168,BRAF_P731T
169,BRAF_L505H
170,BRAF_G464E
171,BRAF_K601T
172,BRAF_K601N
173,BRAF_G464R
174,BRAF_G469V
175,BRAF_F247L
176,BRAF_F595L
177,BRAF_L514V
178,BRAF_L485W
179,BRAF_G466E
180,BRAF_D594N
181,BRAF_D594E
182,BRAF_G469L
183,BRAF_G469R
184,BRAF_G469S
185,BRAF_V600A
186,BRAF_V600L
187,BRAF_V600Q
188,BRCA1_E1559K
189,BRCA1_C64Y
190,BRCA1_D1692N
191,BRCA1_C61G
192,BRCA1_R71G
193,BRCA1_R1495M
194,BRCA1_R71K
195,BRCA1_A1708E
196,BRCA1_A1789T
197,BRCA1_C39Y
198,BRCA1_C44F
199,BRCA1_C44Y
200,BRCA1_M1775R
201,BRCA1_M18T
202,BRCA1_P1749R
203,BRCA1_R1699W
204,BRCA1_V1713A
205,BRCA2_V211L
206,BRCA2_M1I
207,BRCA2_R2336H
208,BRCA2_V211I
209,BRCA2_V159M
210,BRCA2_M1R
211,BRCA2_R2336P
212,BRCA2_R2659T
213,BTK_C481S
214,BTK_T316A
215,CBL_Y371H
216,CBL_C384R
217,CDK4_R24C
218,CSF3R_N610S
219,CSF3R_N610H
220,CSF3R_T618I
221,CSF3R_T640N
222,CTNNB1_T41A
223,CTNNB1_S45F
224,CTNNB1_N387K
225,CTNNB1_S33C
226,CTNNB1_S37F
227,CTNNB1_S37Y
228,CTNNB1_S45P
229,CTNNB1_W383R
230,CYP19A1_P410S
231,DDR2_I638F
232,DDR2_L239R
233,DDR2_G253C
234,DDR2_G774V
235,DDR2_L63V
236,DDR2_G505S
237,DDR2_S768R
238,EGFR_R108K
239,EGFR_G598V
240,EGFR_C797S
241,EGFR_E690K
242,EGFR_L798I
243,EGFR_L858R
244,EGFR_L861Q
245,EGFR_G719A
246,EGFR_G719S
247,EGFR_G719C
248,EGFR_G719D
249,EGFR_L747S
250,EGFR_S768I
251,EGFR_L861P
252,EGFR_L861R
253,EGFR_T790M
254,EGFR_K806E
255,EGFR_A864T
256,EGFR_D761Y
257,EGFR_E734Q
258,EGFR_C797Y
259,EGFR_R831H
260,EGFR_V851I
261,EGFR_N826S
262,EGFR_C797G
263,EGFR_C797R
264,EGFR_R832H
265,EPHA2_G391R
266,ERBB2_D769Y
267,ERBB2_D769H
268,ERBB2_R896C
269,ERBB2_V777L
270,ERBB2_V842I
271,ERBB2_G309A
272,ERBB2_K753E
273,ERBB2_L755S
274,ERBB2_L869R
275,ERBB2_T798I
276,ERBB2_V659E
277,ERBB2_L755W
278,ERBB2_L726F
279,ERBB2_N813D
280,ERBB2_H878Y
281,ERBB2_T733I
282,ERBB2_T798M
283,ERBB2_G660R
284,ERBB2_V773L
285,ERBB2_G778A
286,ERBB2_S310Y
287,ERBB2_G776V
288,ERBB2_S783P
289,ERBB2_V773A
290,ERBB2_R678Q
291,ERBB2_L785F
292,ERBB2_Y803N
293,ERBB2_L755P
294,ERBB2_G292R
295,ERBB2_L841V
296,ERBB2_G660D
297,ERBB2_E719G
298,ERBB2_L768S
299,ERBB2_L866M
300,ERBB2_T862A
301,ERBB2_E812K
302,ERBB2_N857S
303,ERBB2_S310F
304,ERBB2_K831N
305,ERBB2_S653C
306,ERBB2_L663P
307,ERBB2_P780L
308,ERBB2_E717K
309,ERBB2_Q709L
310,ERBB2_L726I
311,ERBB2_E321G
312,ERBB2_G309E
313,ERBB3_G284R
314,ERBB3_R103G
315,ERBB3_V104M
316,ERBB3_P262H
317,ERBB3_Q809R
318,ERBB3_V855A
319,ERBB4_E872K
320,ERBB4_H809G
321,ERBB4_G1109C
322,ERBB4_E563K
323,ERBB4_E542K
324,ESR1_Y537S
325,ESR1_Y537N
326,ESR1_Y537C
327,ESR1_L536Q
328,ESR1_S463P
329,ESR1_D538G
330,ESR1_E380Q
331,ESR1_L469V
332,ESR1_L536H
333,ESR1_L536P
334,ESR1_L536R
335,ESR1_P535H
336,ESR1_S576L
337,ESR1_V392I
338,ESR1_V534E
339,ESR1_Y537D
340,EZH2_Y646H
341,EZH2_Y111D
342,EZH2_Y646F
343,FBXW7_R505C
344,FGFR1_N546K
345,FGFR1_V561M
346,FGFR2_V564L
347,FGFR2_V564F
348,FGFR2_F276C
349,FGFR2_M538I
350,FGFR2_S252W
351,FGFR2_V564I
352,FGFR2_I548V
353,FGFR2_P253R
354,FGFR2_W290C
355,FGFR2_N549K
356,FGFR2_N549H
357,FGFR3_S249C
358,FGFR3_V555M
359,FGFR3_V555L
360,FGFR3_R248C
361,FGFR3_F386L
362,FGFR3_Y375C
363,FGFR3_S131L
364,FGFR3_K652E
365,FLT3_D835H
366,FLT3_D835V
367,FLT3_R834Q
368,FLT3_Y572C
369,FLT3_Y842C
370,FLT3_D835Y
371,FLT3_S451F
372,FLT3_V592G
373,GNA11_Q209L
374,GNA11_Q209P
375,GNAQ_Q209P
376,GNAQ_Q209L
377,GNAQ_Q209H
378,GNAQ_Q209K
379,GNAQ_Q209R
380,GNAQ_Q209Y
381,HRAS_G13D
382,HRAS_Q61L
383,HRAS_G12V
384,HRAS_Q61R
385,IDH1_R132C
386,IDH1_R132S
387,IDH1_R132L
388,IDH1_R132H
389,IDH2_R140K
390,IDH2_R172K
391,IDH2_R140Q
392,JAK1_S703I
393,JAK2_V617F
394,JAK2_R938Q
395,JAK2_R867Q
396,JAK2_Y931C
397,JAK3_A572V
398,JAK3_R172Q
399,JAK3_G589D
400,JAK3_E183G
401,JAK3_H583Y
402,JAK3_L156P
403,JAK3_M511I
404,JAK3_L857P
405,JAK3_A573V
406,JAK3_V722I
407,JAK3_V674A
408,KCNJ5_L168R
409,KDR_A1065T
410,KDR_D717V
411,KDR_R961W
412,KDR_R1032Q
413,KDR_L840F
414,KIT_A829P
415,KIT_V654A
416,KIT_T670I
417,KIT_D816V
418,KIT_D816Y
419,KIT_D816F
420,KIT_D820E
421,KIT_D820Y
422,KIT_H697Y
423,KIT_N822K
424,KIT_Y553N
425,KIT_K642E
426,KIT_N822H
427,KIT_M541L
428,KIT_L576P
429,KIT_D820G
430,KIT_V559D
431,KIT_D816H
432,KIT_C809G
433,KIT_V560G
434,KIT_Y823D
435,KIT_D820A
436,KIT_D820N
437,KIT_N505I
438,KIT_V559A
439,KIT_W557R
440,KIT_Y578C
441,KIT_N822I
442,KIT_C443S
443,KIT_V560D
444,KIT_S476I
445,KIT_W557G
446,KRAS_G12V
447,KRAS_G12D
448,KRAS_G12C
449,KRAS_G12A
450,KRAS_A146V
451,KRAS_G12S
452,KRAS_Q61H
453,KRAS_G12R
454,KRAS_A146T
455,KRAS_Q61K
456,KRAS_A59T
457,KRAS_G13C
458,KRAS_R149G
459,KRAS_G13D
460,KRAS_Q61R
461,KRAS_G12E
462,KRAS_G12F
463,KRAS_G12I
464,KRAS_G12L
465,KRAS_G12N
466,KRAS_G12W
467,KRAS_G12Y
468,KRAS_G13A
469,KRAS_G13E
470,KRAS_G13F
471,KRAS_G13I
472,KRAS_G13N
473,KRAS_G13R
474,KRAS_G13S
475,KRAS_G13V
476,KRAS_G13Y
477,KRAS_Q61E
478,KRAS_Q61L
479,KRAS_Q61P
480,MAP2K1_E203K
481,MAP2K1_Q56P
482,MAP2K1_K57E
483,MAP2K1_C121S
484,MAP2K1_K57N
485,MAP2K1_P124S
486,MAP2K1_F53S
487,MAP2K1_K57T
488,MAP2K1_V211D
489,MAP2K1_L115A
490,MAP2K1_F53L
491,MAP2K1_F129L
492,MAP2K1_P124L
493,MAP2K1_L115P
494,MAP2K1_P124Q
495,MAP2K1_I111S
496,MAP2K1_V60E
497,MAP2K1_I103N
498,MAP2K1_D67N
499,MAP2K1_E120D
500,MAP2K1_G128D
501,MAP2K1_H119P
502,MAP2K1_I111N
503,MAP2K1_I99T
504,MAP2K1_L215P
505,MAPK1_E322K
506,MET_H1112L
507,MET_V1110I
508,MET_H1112R
509,MET_M1268T
510,MET_R988C
511,MET_T1010I
512,MET_D1228N
513,MET_D1228V
514,MET_D1228H
515,MET_F1200I
516,MET_Y1230C
517,MET_N375S
518,MET_Y1230H
519,MET_M1149T
520,MPL_W515L
521,MSH6_T1219I
522,MTHFR_A222V
523,MTOR_P2213S
524,MTOR_M2327I
525,MTOR_A2034V
526,MTOR_H1968Y
527,MYD88_L265P
528,NQO1_P187S
529,NRAS_G12D
530,NRAS_Q61R
531,NRAS_Q61L
532,NRAS_G13D
533,NRAS_Q61K
534,NRAS_G12V
535,NRAS_Q61H
536,NRAS_Q61E
537,NRAS_Q61P
538,NT5C2_R367Q
539,NT5C2_D407A
540,NT5C2_K359Q
541,NTRK1_G595R
542,NTRK1_G667C
543,NTRK3_G623R
544,PDGFRA_D842V
545,PDGFRA_P577S
546,PDGFRA_R841K
547,PDGFRA_H845Y
548,PDGFRA_G853D
549,PDGFRA_T674I
550,PDGFRA_V658A
551,PDGFRA_D842I
552,PDGFRA_D842Y
553,PDGFRA_V561D
554,PDGFRA_V561A
555,PDGFRA_H650Q
556,PDGFRA_Y849S
557,PDGFRA_L221F
558,PDGFRA_D846Y
559,PDGFRA_N659K
560,PDGFRA_N659S
561,PDGFRA_R748G
562,PIK3CA_P471L
563,PIK3CA_E545K
564,PIK3CA_E542K
565,PIK3CA_H1047R
566,PIK3CA_E545G
567,PIK3CA_D350G
568,PLCG2_R665W
569,PLCG2_L845F
570,PML_A216V
571,PML_L218P
572,PTEN_A126G
573,PTEN_C136Y
574,PTEN_N48I
575,PTPN11_E76K
576,RAC1_P29S
577,RB1_H483Y
578,RET_C634W
579,RET_M918T
580,RET_I788N
581,RET_C618R
582,RET_V804M
583,RET_L790F
584,RET_A883F
585,RET_C634F
586,RET_C634R
587,RET_C634Y
588,RET_V804L
589,RET_Y791F
590,RET_E768D
591,RET_S891A
592,RET_D898V
593,RET_E884K
594,RET_Y806C
595,RET_C630R
596,ROS1_G2032R
597,ROS1_S1986Y
598,ROS1_S1986F
599,ROS1_G2101A
600,ROS1_L2155S
601,ROS1_L2026M
602,ROS1_D2033N
603,SMO_D473H
604,SMO_D473G
605,SMO_W535L
606,SMO_L412F
607,SMO_W281C
608,SMO_Q477E
609,SMO_G497W
610,SMO_P641A
611,SMO_N219D
612,SMO_C469Y
613,SMO_F460L
614,SMO_T241M
615,SMO_D473Y
616,SMO_E518K
617,SMO_H231R
618,SMO_V321M
619,SMO_W281L
620,SMO_S387N
621,SMO_S533N
622,SMO_I408V
623,SMO_D384N
624,SMO_A459V
625,STK11_F354L
626,TP53_R213P
627,TP53_R282L
628,TP53_R273C
629,TP53_Y220C
630,TP53_R175H
631,TP53_C135Y
632,TP53_P278R
633,TP53_S215G
634,TP53_R273H
635,TP53_D259Y
636,TP53_R280K
637,TP53_R248W
638,TP53_P72R
639,TP53_R158G
640,TP53_C238F
641,TP53_L111Q
642,TP53_R248Q
643,TP53_P98A
644,TP53_Y163C
645,TP53_R273L
646,TP53_Y234C
647,TP53_L194F
648,TP53_S241F
649,TP53_A159V
650,TP53_Y163H
651,TP53_V173M
652,TP53_G244S
653,TP53_P151H
654,TP53_E285K
655,TP53_L130V
656,UGT1A1_G71R
657,UGT1A1_P229Q
658,VHL_N78S
659,VHL_R200W
660,XRCC1_R194W
